INCIDENT_KEY,OCCUR_DATE,OCCUR_TIME,BORO,LOC_OF_OCCUR_DESC,PRECINCT,JURISDICTION_CODE,LOC_CLASSFCTN_DESC,LOCATION_DESC,STATISTICAL_MURDER_FLAG,PERP_AGE_GROUP,PERP_SEX,PERP_RACE,VIC_AGE_GROUP,VIC_SEX,VIC_RACE,X_COORD_CD,Y_COORD_CD,Latitude,Longitude,New Georeferenced Column
300412113,02/01/2025,05:05:00,QUEENS,OUTSIDE,104,0,STREET,(null),N,25-44,M,BLACK HISPANIC,25-44,M,BLACK HISPANIC,1013701,195936,,,
303898920,03/30/2025,22:50:00,BROOKLYN,INSIDE,75,0,DWELLING,MULTI DWELL - APT BUILD,Y,(null),(null),(null),65+,M,BLACK,1017036,183890,0,0,POINT (0 0)
301565780,02/23/2025,19:50:00,BRONX,OUTSIDE,49,0,STREET,(null),Y,(null),(null),(null),25-44,M,BLACK,1020860,251009,40.855571,-73.86766,POINT (-73.86766 40.855571)
299382241,01/13/2025,21:15:00,MANHATTAN,OUTSIDE,30,0,STREET,(null),N,18-24,M,BLACK HISPANIC,25-44,M,BLACK HISPANIC,997512,239558,40.824207,-73.95208,POINT (-73.95208 40.824207)
300131385,01/27/2025,19:16:00,BRONX,OUTSIDE,47,0,STREET,(null),N,(null),(null),(null),<18,M,BLACK,1024745,262868,40.88809295982641,-73.85354344676429,POINT (-73.85354344676429 40.88809295982641)
301806225,02/27/2025,15:55:00,BRONX,OUTSIDE,48,0,STREET,(null),N,(null),(null),(null),18-24,M,BLACK,1015108,246825,40.844108,-73.88847,POINT (-73.88847 40.844108)
298877584,01/04/2025,00:43:00,BROOKLYN,OUTSIDE,75,0,COMMERCIAL,BAR/NIGHT CLUB,N,45-64,M,WHITE HISPANIC,25-44,F,WHITE HISPANIC,1015628,186760,40.679244,-73.886873,POINT (-73.886873 40.679244)
302972628,03/16/2025,15:41:00,BROOKLYN,OUTSIDE,81,0,STREET,(null),N,(null),(null),(null),18-24,M,BLACK,1001627,189572,40.687,-73.937344,POINT (-73.937344 40.687)
302197815,03/06/2025,16:50:00,BROOKLYN,OUTSIDE,63,0,STREET,GAS STATION,N,(null),(null),(null),UNKNOWN,M,BLACK,1006460,169245,40.631196,-73.919982,POINT (-73.919982 40.631196)
300131383,01/27/2025,16:30:00,QUEENS,INSIDE,107,0,DWELLING,MULTI DWELL - APT BUILD,Y,(null),(null),(null),18-24,M,BLACK,1051246,203301,40.724446,-73.758293,POINT (-73.758293 40.724446)
298756519,01/01/2025,23:18:00,QUEENS,OUTSIDE,103,0,COMMERCIAL,BAR/NIGHT CLUB,N,(null),(null),(null),<18,F,BLACK,1036944,194475,40.700318,-73.809959,POINT (-73.809959 40.700318)
298756516,01/01/2025,21:22:00,BRONX,OUTSIDE,40,2,HOUSING,MULTI DWELL - PUBLIC HOUS,N,(null),(null),(null),<18,M,WHITE HISPANIC,1000688,236005,40.814448,-73.940614,POINT (-73.940614 40.814448)
299996365,01/24/2025,20:20:00,BRONX,OUTSIDE,42,0,STREET,(null),N,(null),(null),(null),45-64,M,BLACK HISPANIC,1014445,240852,40.827717,-73.890893,POINT (-73.890893 40.827717)
300261481,01/29/2025,13:30:00,QUEENS,OUTSIDE,114,0,HOUSING,MULTI DWELL - PUBLIC HOUS,N,25-44,M,BLACK,25-44,M,BLACK,1002916,221441,40.77447,-73.932605,POINT (-73.932605 40.77447)
301609656,02/24/2025,11:30:00,BROOKLYN,INSIDE,83,0,DWELLING,MULTI DWELL - APT BUILD,N,25-44,M,BLACK,45-64,I,BLACK,1007046,192510,40.695051,-73.917793,POINT (-73.917793 40.695051)
300882495,02/10/2025,11:56:00,BROOKLYN,INSIDE,73,0,COMMERCIAL,GROCERY/BODEGA,N,<18,M,BLACK,45-64,M,BLACK,1007627,183444,40.670167,-73.915729,POINT (-73.915729 40.670167)
302818234,03/14/2025,16:24:00,MANHATTAN,OUTSIDE,32,0,STREET,(null),N,18-24,M,BLACK HISPANIC,<18,M,BLACK,1001420,241474,40.829459,-73.937956,POINT (-73.937956 40.829459)
300555969,02/04/2025,10:30:00,BROOKLYN,OUTSIDE,73,2,HOUSING,MULTI DWELL - APT BUILD,N,<18,M,BLACK,<18,M,BLACK,1008093,184404,40.672802,-73.914047,POINT (-73.914047 40.672802)
302197816,03/06/2025,13:45:00,BRONX,INSIDE,40,2,HOUSING,MULTI DWELL - PUBLIC HOUS,N,18-24,M,BLACK,25-44,M,BLACK,1005945,235372,40.812701,-73.921625,POINT (-73.921625 40.812701)
301080543,02/13/2025,01:10:00,BROOKLYN,OUTSIDE,67,0,STREET,(null),Y,45-64,M,BLACK,25-44,M,BLACK,1008969,175797,40.649174,-73.910919,POINT (-73.910919 40.649174)
298909833,01/04/2025,16:50:00,MANHATTAN,OUTSIDE,28,0,STREET,(null),N,18-24,M,BLACK,25-44,M,BLACK,997365,231723,40.802702,-73.95263,POINT (-73.95263 40.802702)
300882494,02/10/2025,20:33:00,QUEENS,INSIDE,109,2,HOUSING,MULTI DWELL - PUBLIC HOUS,N,25-44,M,BLACK,25-44,M,BLACK,1031364,218413,40.766054,-73.829917,POINT (-73.829917 40.766054)
298756517,01/01/2025,05:15:00,BRONX,OUTSIDE,44,0,STREET,(null),Y,45-64,M,BLACK,18-24,M,BLACK,1009255,244278,40.8371265397571,-73.90963478047829,POINT (-73.90963478047829 40.8371265397571)
300197279,01/28/2025,15:30:00,BROOKLYN,INSIDE,67,0,DWELLING,MULTI DWELL - APT BUILD,N,(null),(null),(null),<18,M,BLACK,1004499,180655,40.662519,-73.927012,POINT (-73.927012 40.662519)
298779027,01/02/2025,08:26:00,BROOKLYN,OUTSIDE,88,0,STREET,(null),N,18-24,M,BLACK,<18,M,BLACK,991197,192954,40.696297,-73.974949,POINT (-73.974949 40.696297)
299257997,01/11/2025,03:55:00,QUEENS,OUTSIDE,114,0,STREET,BAR/NIGHT CLUB,N,25-44,M,BLACK,25-44,M,BLACK,1009970,220539,40.771977,-73.90714,POINT (-73.90714 40.771977)
301609655,02/24/2025,16:49:00,BRONX,OUTSIDE,40,0,STREET,(null),N,18-24,M,BLACK,25-44,M,BLACK,1008608,238678,40.821769,-73.911993,POINT (-73.911993 40.821769)
303829751,03/29/2025,07:13:00,BROOKLYN,OUTSIDE,75,0,STREET,(null),N,(null),(null),(null),25-44,M,BLACK,1012956,183568,40.67048191,-73.89651898,POINT (-73.89651898 40.67048191)
300566188,02/04/2025,12:20:00,MANHATTAN,OUTSIDE,10,2,HOUSING,MULTI DWELL - PUBLIC HOUS,N,(null),(null),(null),25-44,M,BLACK,982756,210139,40.74347,-74.005392,POINT (-74.005392 40.74347)
298949942,01/03/2025,17:30:00,BRONX,OUTSIDE,44,0,STREET,(null),Y,25-44,M,BLACK HISPANIC,<18,M,WHITE HISPANIC,1007076,246675,40.843722,-73.917502,POINT (-73.917502 40.843722)
300951837,02/11/2025,15:57:00,BRONX,OUTSIDE,47,0,STREET,(null),N,(null),(null),(null),<18,M,BLACK,1024398,266422,40.897859,-73.854775,POINT (-73.854775 40.897859)
302377352,03/10/2025,22:40:00,QUEENS,OUTSIDE,113,0,STREET,(null),N,(null),(null),(null),25-44,M,BLACK,1040051,185174,40.674760700918625,-73.79883235293225,POINT (-73.79883235293225 40.674760700918625)
300412111,02/01/2025,23:25:00,BROOKLYN,OUTSIDE,90,0,STREET,(null),N,(null),(null),(null),25-44,M,BLACK,1000063,196456,40.70588893014622,-73.94296613233054,POINT (-73.94296613233054 40.70588893014622)
298949943,01/05/2025,07:19:00,BROOKLYN,INSIDE,60,0,DWELLING,MULTI DWELL - APT BUILD,Y,25-44,M,BLACK,25-44,M,BLACK,984091,149559,40.577192,-74.000571,POINT (-74.000571 40.577192)
301565779,02/23/2025,23:41:00,BRONX,INSIDE,43,0,DWELLING,MULTI DWELL - APT BUILD,N,18-24,M,BLACK,45-64,F,WHITE HISPANIC,1024656,245412,40.840191,-73.85397,POINT (-73.85397 40.840191)
298877584,01/04/2025,00:43:00,BROOKLYN,OUTSIDE,75,0,COMMERCIAL,BAR/NIGHT CLUB,N,45-64,M,WHITE HISPANIC,25-44,M,BLACK HISPANIC,1015628,186760,40.679244,-73.886873,POINT (-73.886873 40.679244)
301565779,02/23/2025,23:41:00,BRONX,INSIDE,43,0,DWELLING,MULTI DWELL - APT BUILD,N,<18,M,BLACK,45-64,F,WHITE HISPANIC,1024656,245412,40.840191,-73.85397,POINT (-73.85397 40.840191)
300341223,01/31/2025,11:55:00,BROOKLYN,OUTSIDE,79,0,STREET,(null),N,25-44,M,BLACK,25-44,F,WHITE HISPANIC,995261,191567,40.692485,-73.960292,POINT (-73.960292 40.692485)
300318397,01/30/2025,14:29:00,BRONX,OUTSIDE,48,0,STREET,(null),N,18-24,M,BLACK HISPANIC,18-24,M,BLACK HISPANIC,1016057,247615,40.846273,-73.885036,POINT (-73.885036 40.846273)
301273671,02/18/2025,01:23:00,BROOKLYN,INSIDE,75,2,HOUSING,MULTI DWELL - PUBLIC HOUS,N,25-44,M,BLACK,25-44,M,BLACK,1015085,178381,40.656246,-73.888868,POINT (-73.888868 40.656246)
300061442,01/26/2025,04:27:00,BROOKLYN,OUTSIDE,63,0,STREET,BAR/NIGHT CLUB,N,(null),(null),(null),25-44,F,BLACK,1006666,171739,40.638041,-73.919232,POINT (-73.919232 40.638041)
298877583,01/03/2025,19:33:00,BROOKLYN,OUTSIDE,60,0,STREET,(null),N,25-44,M,BLACK,25-44,M,BLACK,985975,148995,40.575643,-73.99379,POINT (-73.99379 40.575643)
303861624,03/29/2025,13:21:00,BROOKLYN,OUTSIDE,81,2,HOUSING,MULTI DWELL - PUBLIC HOUS,N,(null),(null),(null),18-24,M,BLACK,1000876,191778,40.693058,-73.940046,POINT (-73.940046 40.693058)
298950447,01/05/2025,21:25:00,BROOKLYN,OUTSIDE,75,0,COMMERCIAL,GROCERY/BODEGA,N,(null),(null),(null),<18,M,BLACK,1019406,184339,40.672585,-73.873262,POINT (-73.873262 40.672585)
303338555,03/20/2025,16:05:00,BRONX,INSIDE,47,0,DWELLING,MULTI DWELL - APT BUILD,Y,18-24,M,BLACK,25-44,M,BLACK,1026783,262923,40.888244,-73.846171,POINT (-73.846171 40.888244)
301923239,03/01/2025,03:20:00,MANHATTAN,OUTSIDE,9,0,COMMERCIAL,BAR/NIGHT CLUB,Y,25-44,M,WHITE HISPANIC,25-44,M,WHITE HISPANIC,986120,203392,40.724951,-73.993251,POINT (-73.993251 40.724951)
299001015,01/06/2025,14:20:00,BRONX,OUTSIDE,45,0,STREET,(null),N,(null),(null),(null),<18,M,BLACK,1031237,257081,40.872188,-73.830103,POINT (-73.830103 40.872188)
300354793,01/31/2025,16:31:00,BRONX,OUTSIDE,44,0,OTHER,GROCERY/BODEGA,N,25-44,M,BLACK,45-64,M,BLACK,1005142,246042,40.841989,-73.924494,POINT (-73.924494 40.841989)
299470064,01/15/2025,01:00:00,MANHATTAN,OUTSIDE,34,0,STREET,(null),N,45-64,M,BLACK HISPANIC,25-44,M,WHITE HISPANIC,1003614,255446,40.86779354261407,-73.92998844410148,POINT (-73.92998844410148 40.86779354261407)
300197279,01/28/2025,15:30:00,BROOKLYN,INSIDE,67,0,DWELLING,MULTI DWELL - APT BUILD,Y,(null),(null),(null),<18,M,BLACK,1004499,180655,40.662519,-73.927012,POINT (-73.927012 40.662519)
299382241,01/13/2025,21:15:00,MANHATTAN,OUTSIDE,30,0,STREET,(null),N,18-24,M,BLACK,25-44,M,BLACK HISPANIC,997512,239558,40.824207,-73.95208,POINT (-73.95208 40.824207)
303241626,03/17/2025,15:31:00,MANHATTAN,OUTSIDE,23,2,HOUSING,MULTI DWELL - PUBLIC HOUS,N,(null),(null),(null),18-24,M,BLACK,999998,226211,40.787568,-73.943131,POINT (-73.943131 40.787568)
301529587,02/22/2025,00:38:00,BRONX,INSIDE,45,2,HOUSING,MULTI DWELL - PUBLIC HOUS,Y,25-44,F,WHITE HISPANIC,18-24,M,BLACK HISPANIC,1032397,238442,40.821023,-73.826044,POINT (-73.826044 40.821023)
298756513,01/01/2025,00:16:00,BROOKLYN,INSIDE,88,0,HOUSING,MULTI DWELL - PUBLIC HOUS,N,(null),(null),(null),25-44,M,BLACK,990117,192144,40.694076,-73.978842,POINT (-73.978842 40.694076)
303241625,03/19/2025,17:50:00,BROOKLYN,OUTSIDE,84,0,STREET,(null),N,(null),(null),(null),18-24,M,BLACK,987098,194573,40.700734208726445,-73.98972871152452,POINT (-73.98972871152452 40.700734208726445)
300131386,01/27/2025,23:15:00,MANHATTAN,OUTSIDE,25,2,HOUSING,MULTI DWELL - PUBLIC HOUS,N,(null),(null),(null),25-44,M,BLACK,1001768,234797,40.811131,-73.936716,POINT (-73.936716 40.811131)
298756517,01/01/2025,05:15:00,BRONX,OUTSIDE,44,0,STREET,(null),N,45-64,M,BLACK,18-24,M,BLACK,1009255,244278,40.8371265397571,-73.90963478047829,POINT (-73.90963478047829 40.8371265397571)
298756519,01/01/2025,23:18:00,QUEENS,OUTSIDE,103,0,COMMERCIAL,BAR/NIGHT CLUB,N,(null),(null),(null),18-24,F,BLACK,1036944,194475,40.700318,-73.809959,POINT (-73.809959 40.700318)
299648921,01/17/2025,09:54:00,BRONX,OUTSIDE,40,2,HOUSING,MULTI DWELL - PUBLIC HOUS,N,18-24,M,BLACK,18-24,M,BLACK,1004934,235728,40.81368,-73.925276,POINT (-73.925276 40.81368)
303231197,03/19/2025,00:20:00,BRONX,OUTSIDE,52,0,STREET,(null),N,45-64,M,WHITE HISPANIC,25-44,M,BLACK,1013654,255157,40.866982,-73.893691,POINT (-73.893691 40.866982)
299996365,01/24/2025,20:20:00,BRONX,OUTSIDE,42,0,STREET,(null),N,(null),(null),(null),25-44,M,BLACK,1014445,240852,40.827717,-73.890893,POINT (-73.890893 40.827717)
303562943,03/24/2025,01:25:00,BROOKLYN,OUTSIDE,69,0,STREET,(null),N,18-24,M,BLACK,45-64,M,BLACK,1012661,174513,40.64562890249865,-73.89762056415319,POINT (-73.89762056415319 40.64562890249865)
299683365,01/18/2025,17:30:00,QUEENS,OUTSIDE,113,0,STREET,(null),Y,45-64,M,BLACK,45-64,M,BLACK,1053262,194744,40.700934917299435,-73.75110770840243,POINT (-73.75110770840243 40.700934917299435)
301377740,02/13/2025,19:20:00,BROOKLYN,OUTSIDE,75,0,COMMERCIAL,STORE UNCLASSIFIED,N,(null),(null),(null),18-24,M,BLACK,1015480,181597,40.665074,-73.887429,POINT (-73.887429 40.665074)
300261482,01/29/2025,18:15:00,MANHATTAN,OUTSIDE,25,0,STREET,(null),N,(null),(null),(null),25-44,M,WHITE HISPANIC,1002275,233608,40.807866,-73.934886,POINT (-73.934886 40.807866)
303700019,03/26/2025,14:21:00,QUEENS,OUTSIDE,103,0,STREET,(null),Y,(null),(null),(null),<18,M,BLACK,1043590,195903,40.70418623,-73.78597948,POINT (-73.78597948 40.70418623)
299329906,01/12/2025,23:00:00,BRONX,INSIDE,43,0,DWELLING,MULTI DWELL - APT BUILD,N,25-44,M,BLACK,25-44,M,BLACK HISPANIC,1018624,241852,40.830446,-73.875789,POINT (-73.875789 40.830446)
300951836,02/11/2025,07:30:00,BROOKLYN,OUTSIDE,83,0,STREET,(null),Y,25-44,M,WHITE HISPANIC,25-44,F,WHITE HISPANIC,1008907,191957,40.693531,-73.911082,POINT (-73.911082 40.693531)
300999026,02/12/2025,06:13:00,BRONX,OUTSIDE,43,0,(null),(null),N,(null),(null),(null),18-24,M,BLACK HISPANIC,1014256,250228,40.853451,-73.891536,POINT (-73.891536 40.853451)
301320655,02/18/2025,08:18:00,MANHATTAN,INSIDE,7,2,HOUSING,MULTI DWELL - PUBLIC HOUS,N,25-44,M,WHITE HISPANIC,45-64,M,BLACK,989138,199179,40.713385,-73.982369,POINT (-73.982369 40.713385)
299329906,01/12/2025,23:00:00,BRONX,INSIDE,43,0,DWELLING,MULTI DWELL - APT BUILD,N,18-24,M,BLACK,25-44,M,BLACK HISPANIC,1018624,241852,40.830446,-73.875789,POINT (-73.875789 40.830446)
301745796,02/26/2025,13:43:00,BRONX,OUTSIDE,47,0,STREET,(null),N,<18,M,BLACK,18-24,M,BLACK,1027595,264660,40.893009,-73.843223,POINT (-73.843223 40.893009)
300430000,02/02/2025,01:24:00,BRONX,OUTSIDE,48,0,STREET,(null),Y,<18,M,WHITE HISPANIC,18-24,M,WHITE HISPANIC,1011981,247838,40.846899,-73.899769,POINT (-73.899769 40.846899)
302892958,03/16/2025,02:20:00,MANHATTAN,INSIDE,23,2,HOUSING,MULTI DWELL - PUBLIC HOUS,N,(null),(null),(null),<18,M,WHITE HISPANIC,998430,228773,40.794604,-73.948786,POINT (-73.948786 40.794604)
303829750,03/28/2025,23:50:00,MANHATTAN,OUTSIDE,32,2,HOUSING,MULTI DWELL - APT BUILD,N,(null),(null),(null),25-44,M,BLACK HISPANIC,999874,238251,40.820614,-73.94355,POINT (-73.94355 40.820614)
301529587,02/22/2025,00:38:00,BRONX,INSIDE,45,2,HOUSING,MULTI DWELL - PUBLIC HOUS,Y,18-24,M,WHITE HISPANIC,18-24,M,BLACK HISPANIC,1032397,238442,40.821023,-73.826044,POINT (-73.826044 40.821023)
302446875,03/11/2025,14:15:00,BROOKLYN,OUTSIDE,90,0,COMMERCIAL,STORE UNCLASSIFIED,Y,(null),(null),(null),18-24,M,WHITE HISPANIC,998002,196692,,,
303301268,03/20/2025,08:00:00,BROOKLYN,OUTSIDE,83,2,HOUSING,MULTI DWELL - PUBLIC HOUS,N,25-44,M,WHITE HISPANIC,25-44,M,WHITE HISPANIC,1006935,193011,40.696427,-73.918193,POINT (-73.918193 40.696427)
298949942,01/03/2025,17:30:00,BRONX,OUTSIDE,44,0,STREET,(null),N,25-44,M,BLACK HISPANIC,<18,M,BLACK,1007076,246675,40.843722,-73.917502,POINT (-73.917502 40.843722)
303829749,03/28/2025,14:29:00,STATEN ISLAND,OUTSIDE,120,0,STREET,(null),Y,25-44,M,BLACK,25-44,M,WHITE HISPANIC,963153,171643,40.63777181,-74.07601437,POINT (-74.07601437 40.63777181)
301479775,02/21/2025,07:05:00,BROOKLYN,OUTSIDE,67,0,DWELLING,MULTI DWELL - APT BUILD,N,18-24,M,BLACK,18-24,M,BLACK HISPANIC,997703,178036,40.655344,-73.951514,POINT (-73.951514 40.655344)
301184410,02/16/2025,14:55:00,QUEENS,INSIDE,114,0,COMMERCIAL,(null),N,(null),(null),(null),<18,M,BLACK HISPANIC,1001016,213414,40.752444,-73.939488,POINT (-73.939488 40.752444)
301679844,02/25/2025,01:02:00,BROOKLYN,OUTSIDE,73,0,STREET,(null),N,25-44,M,BLACK,25-44,M,BLACK,1006601,183275,40.669706,-73.919429,POINT (-73.919429 40.669706)
303301268,03/20/2025,08:00:00,BROOKLYN,OUTSIDE,83,2,HOUSING,MULTI DWELL - PUBLIC HOUS,N,25-44,M,WHITE HISPANIC,25-44,M,BLACK,1006935,193011,40.696427,-73.918193,POINT (-73.918193 40.696427)
300052774,01/25/2025,12:42:00,BRONX,OUTSIDE,46,0,STREET,(null),N,25-44,M,BLACK HISPANIC,25-44,M,BLACK,1009028,247972,40.847276,-73.910442,POINT (-73.910442 40.847276)
301018725,02/12/2025,21:11:00,BROOKLYN,OUTSIDE,79,2,HOUSING,MULTI DWELL - PUBLIC HOUS,Y,(null),(null),(null),25-44,M,WHITE HISPANIC,999258,193584,40.698016,-73.945876,POINT (-73.945876 40.698016)
302312793,03/08/2025,02:40:00,BROOKLYN,OUTSIDE,73,0,STREET,(null),Y,45-64,M,BLACK,45-64,M,BLACK,1008966,186494,40.678533,-73.910891,POINT (-73.910891 40.678533)
299470064,01/15/2025,01:00:00,MANHATTAN,OUTSIDE,34,0,STREET,(null),N,45-64,M,WHITE HISPANIC,25-44,M,WHITE HISPANIC,1003614,255446,40.86779354261407,-73.92998844410148,POINT (-73.92998844410148 40.86779354261407)
298756519,01/01/2025,23:18:00,QUEENS,OUTSIDE,103,0,COMMERCIAL,BAR/NIGHT CLUB,N,(null),(null),(null),<18,M,BLACK,1036944,194475,40.700318,-73.809959,POINT (-73.809959 40.700318)
303861625,03/29/2025,21:38:00,BRONX,OUTSIDE,40,2,HOUSING,MULTI DWELL - PUBLIC HOUS,N,(null),(null),(null),<18,F,BLACK,1004934,235728,40.81368,-73.925276,POINT (-73.925276 40.81368)
301250437,02/17/2025,19:42:00,BRONX,OUTSIDE,42,2,HOUSING,MULTI DWELL - PUBLIC HOUS,N,(null),(null),(null),25-44,M,BLACK HISPANIC,1015121,242643,40.832631,-73.888444,POINT (-73.888444 40.832631)
299070750,01/07/2025,18:33:00,BRONX,OUTSIDE,40,0,STREET,(null),N,(null),(null),(null),18-24,M,BLACK,1006184,233270,40.806931,-73.920768,POINT (-73.920768 40.806931)
300295604,01/30/2025,16:45:00,BROOKLYN,OUTSIDE,77,0,STREET,(null),N,<18,M,BLACK,<18,M,BLACK,1001187,184894,40.674162,-73.938939,POINT (-73.938939 40.674162)
298756517,01/01/2025,05:15:00,BRONX,OUTSIDE,44,0,STREET,(null),Y,45-64,M,BLACK,45-64,M,BLACK,1009255,244278,40.8371265397571,-73.90963478047829,POINT (-73.90963478047829 40.8371265397571)
299453928,01/14/2025,19:06:00,BROOKLYN,OUTSIDE,81,0,STREET,(null),N,(null),(null),(null),25-44,F,BLACK,1003654,187147,40.68034,-73.930039,POINT (-73.930039 40.68034)
303898920,03/30/2025,22:50:00,BROOKLYN,INSIDE,75,0,DWELLING,MULTI DWELL - APT BUILD,N,(null),(null),(null),45-64,M,BLACK,1017036,183890,0,0,POINT (0 0)
299948481,01/23/2025,22:10:00,BROOKLYN,OUTSIDE,75,0,STREET,(null),N,(null),(null),(null),25-44,M,BLACK,1014109,180072,40.660892,-73.892377,POINT (-73.892377 40.660892)
303132108,03/18/2025,23:00:00,BROOKLYN,OUTSIDE,70,0,STREET,(null),N,25-44,M,BLACK,25-44,M,BLACK,994512,177707,40.654446,-73.963015,POINT (-73.963015 40.654446)
302842116,03/14/2025,15:50:00,BROOKLYN,OUTSIDE,76,1,TRANSIT,(null),N,18-24,M,BLACK,25-44,M,BLACK,985022,184993,40.67445,-73.997217,POINT (-73.997217 40.67445)
303898919,03/30/2025,16:10:00,BRONX,OUTSIDE,47,0,STREET,(null),N,25-44,M,BLACK,25-44,M,BLACK,1023510,258943,40.877335,-73.858031,POINT (-73.858031 40.877335)
298909834,01/04/2025,22:35:00,BRONX,OUTSIDE,47,0,STREET,(null),N,45-64,M,BLACK,25-44,M,AMERICAN INDIAN/ALASKAN NATIVE,1023206,263661,40.890286,-73.859106,POINT (-73.859106 40.890286)
299382241,01/13/2025,21:15:00,MANHATTAN,OUTSIDE,30,0,STREET,(null),N,<18,M,WHITE HISPANIC,25-44,M,BLACK HISPANIC,997512,239558,40.824207,-73.95208,POINT (-73.95208 40.824207)
300044046,01/26/2025,04:18:00,BROOKLYN,OUTSIDE,75,0,STREET,(null),N,<18,M,WHITE HISPANIC,25-44,M,WHITE HISPANIC,1018471,187914,40.68239109752905,-73.87661615409512,POINT (-73.87661615409512 40.68239109752905)
302317359,03/09/2025,14:00:00,QUEENS,OUTSIDE,110,0,STREET,(null),N,18-24,M,WHITE HISPANIC,18-24,M,BLACK,1022047,207921,40.737301,-73.863612,POINT (-73.863612 40.737301)
303829752,03/28/2025,23:55:00,BRONX,OUTSIDE,44,0,STREET,(null),Y,25-44,M,UNKNOWN,25-44,M,WHITE HISPANIC,1004129,243241,40.834302,-73.928161,POINT (-73.928161 40.834302)
303515770,03/23/2025,14:25:00,BROOKLYN,OUTSIDE,69,0,STREET,RESTAURANT/DINER,N,18-24,M,BLACK,18-24,M,BLACK,1013227,171910,40.638492,-73.895592,POINT (-73.895592 40.638492)
303861626,03/30/2025,02:45:00,BRONX,OUTSIDE,43,0,STREET,(null),N,(null),(null),(null),25-44,F,BLACK HISPANIC,1021853,242624,40.832551,-73.864117,POINT (-73.864117 40.832551)
300189409,01/28/2025,17:50:00,BROOKLYN,OUTSIDE,71,0,STREET,(null),Y,(null),(null),(null),18-24,M,BLACK,999019,180685,40.662613,-73.946765,POINT (-73.946765 40.662613)
298909832,01/04/2025,14:56:00,BRONX,OUTSIDE,48,0,STREET,(null),N,25-44,M,BLACK,25-44,F,BLACK,1016521,248056,40.847483,-73.883357,POINT (-73.883357 40.847483)
300802097,02/08/2025,21:12:00,BROOKLYN,OUTSIDE,75,0,STREET,(null),N,45-64,M,BLACK,45-64,M,BLACK,1017036,183890,,,
301942915,03/02/2025,20:38:00,MANHATTAN,OUTSIDE,23,2,HOUSING,MULTI DWELL - PUBLIC HOUS,N,(null),(null),(null),18-24,M,BLACK,1000086,229653,40.797017,-73.942803,POINT (-73.942803 40.797017)
301860130,02/28/2025,19:12:00,MANHATTAN,OUTSIDE,32,0,STREET,(null),N,<18,M,BLACK,25-44,M,BLACK,1001469,241128,40.82849931186048,-73.93778057105277,POINT (-73.93778057105277 40.82849931186048)
298949942,01/03/2025,17:30:00,BRONX,OUTSIDE,44,0,STREET,(null),N,25-44,M,BLACK HISPANIC,<18,M,WHITE HISPANIC,1007076,246675,40.843722,-73.917502,POINT (-73.917502 40.843722)
302312792,03/07/2025,18:15:00,BROOKLYN,OUTSIDE,79,0,STREET,(null),Y,(null),(null),(null),18-24,M,BLACK,998617,186863,40.679569,-73.948203,POINT (-73.948203 40.679569)
299633735,01/17/2025,10:30:00,QUEENS,OUTSIDE,113,0,DWELLING,PVT HOUSE,N,45-64,M,BLACK,25-44,M,BLACK,1048550,187251,40.680413,-73.768172,POINT (-73.768172 40.680413)
301878453,02/28/2025,22:23:00,BRONX,INSIDE,42,0,DWELLING,MULTI DWELL - APT BUILD,N,18-24,M,BLACK HISPANIC,25-44,M,WHITE HISPANIC,1012019,245445,40.840331,-73.899641,POINT (-73.899641 40.840331)
298949944,01/05/2025,19:43:00,MANHATTAN,OUTSIDE,24,0,STREET,(null),N,(null),(null),(null),<18,M,BLACK,991875,227527,40.791193,-73.972463,POINT (-73.972463 40.791193)
301321141,02/14/2025,22:00:00,STATEN ISLAND,OUTSIDE,120,0,STREET,(null),N,(null),(null),(null),25-44,M,BLACK,955760,164018,40.616831,-74.102618,POINT (-74.102618 40.616831)
303476410,03/22/2025,20:13:00,BROOKLYN,OUTSIDE,73,0,STREET,(null),N,(null),(null),(null),25-44,M,WHITE HISPANIC,1009059,180294,40.661517,-73.910579,POINT (-73.910579 40.661517)
300318398,01/30/2025,17:58:00,QUEENS,OUTSIDE,114,0,STREET,(null),N,25-44,M,BLACK HISPANIC,25-44,M,BLACK,1009645,213978,40.75397,-73.90834,POINT (-73.90834 40.75397)
303772633,03/27/2025,11:15:00,MANHATTAN,OUTSIDE,25,0,STREET,(null),N,25-44,M,BLACK,25-44,M,WHITE,1000482,230365,40.79897,-73.941374,POINT (-73.941374 40.79897)
301313414,02/18/2025,15:42:00,BRONX,OUTSIDE,40,0,STREET,(null),N,(null),(null),(null),<18,M,BLACK,1006343,234269,40.809673,-73.920192,POINT (-73.920192 40.809673)
300827432,02/08/2025,01:58:00,BRONX,OUTSIDE,49,0,DWELLING,MULTI DWELL - APT BUILD,Y,45-64,M,BLACK,45-64,M,BLACK,1023484,247656,40.846355,-73.858191,POINT (-73.858191 40.846355)
299313254,01/12/2025,12:53:00,BROOKLYN,OUTSIDE,67,0,STREET,(null),Y,(null),(null),(null),25-44,M,BLACK,1003536,177105,40.652778,-73.930494,POINT (-73.930494 40.652778)
299956934,01/23/2025,23:43:00,BRONX,OUTSIDE,43,0,STREET,(null),N,18-24,M,WHITE HISPANIC,<18,M,WHITE HISPANIC,1016692,240037,40.825473,-73.882778,POINT (-73.882778 40.825473)
303829750,03/28/2025,23:50:00,MANHATTAN,OUTSIDE,32,2,HOUSING,MULTI DWELL - APT BUILD,N,(null),(null),(null),25-44,M,BLACK,999874,238251,40.820614,-73.94355,POINT (-73.94355 40.820614)
301377739,02/19/2025,17:48:00,BRONX,OUTSIDE,44,0,STREET,(null),N,(null),(null),(null),18-24,M,BLACK HISPANIC,1007784,240375,40.826428,-73.914965,POINT (-73.914965 40.826428)
298756519,01/01/2025,23:18:00,QUEENS,OUTSIDE,103,0,COMMERCIAL,BAR/NIGHT CLUB,N,(null),(null),(null),18-24,M,BLACK,1036944,194475,40.700318,-73.809959,POINT (-73.809959 40.700318)
303275049,03/20/2025,00:59:00,MANHATTAN,OUTSIDE,34,0,STREET,(null),N,25-44,M,WHITE HISPANIC,25-44,M,BLACK HISPANIC,1006609,255632,40.868306,-73.919159,POINT (-73.919159 40.868306)
301313415,02/18/2025,18:50:00,BRONX,OUTSIDE,42,0,STREET,(null),N,<18,M,BLACK,25-44,M,BLACK HISPANIC,1012541,242362,40.831867,-73.897769,POINT (-73.897769 40.831867)
303630517,03/25/2025,14:22:00,BROOKLYN,INSIDE,83,2,HOUSING,MULTI DWELL - PUBLIC HOUS,N,(null),(null),(null),<18,M,BLACK,1006631,192819,40.695902,-73.919289,POINT (-73.919289 40.695902)
300412112,02/01/2025,21:15:00,BRONX,OUTSIDE,47,2,HOUSING,MULTI DWELL - PUBLIC HOUS,N,18-24,M,BLACK,25-44,F,BLACK,1030929,260796,40.882385,-73.831191,POINT (-73.831191 40.882385)
302377353,03/10/2025,17:25:00,BROOKLYN,INSIDE,77,2,HOUSING,MULTI DWELL - PUBLIC HOUS,N,<18,M,BLACK,18-24,M,BLACK,1005432,185232,40.675081,-73.923638,POINT (-73.923638 40.675081)
298909834,01/04/2025,22:35:00,BRONX,OUTSIDE,47,0,STREET,(null),N,45-64,M,BLACK,25-44,M,BLACK,1023206,263661,40.890286,-73.859106,POINT (-73.859106 40.890286)
302333819,03/09/2025,19:50:00,BROOKLYN,OUTSIDE,83,0,STREET,(null),N,(null),(null),(null),25-44,M,WHITE HISPANIC,1010673,191059,40.691058,-73.90472,POINT (-73.90472 40.691058)
302206261,03/06/2025,22:56:00,BROOKLYN,OUTSIDE,73,0,STREET,(null),N,45-64,M,BLACK,25-44,M,BLACK,1008226,186458,40.67842838928213,-73.91355966186958,POINT (-73.91355966186958 40.67842838928213)
298756517,01/01/2025,05:15:00,BRONX,OUTSIDE,44,0,STREET,(null),N,45-64,M,BLACK,45-64,M,BLACK,1009255,244278,40.8371265397571,-73.90963478047829,POINT (-73.90963478047829 40.8371265397571)
302818233,03/14/2025,14:29:00,BRONX,OUTSIDE,40,0,STREET,(null),N,25-44,M,BLACK,25-44,M,BLACK HISPANIC,1007631,235829,40.813951,-73.915531,POINT (-73.915531 40.813951)
299453928,01/14/2025,19:06:00,BROOKLYN,OUTSIDE,81,0,STREET,(null),N,(null),(null),(null),<18,M,BLACK,1003654,187147,40.68034,-73.930039,POINT (-73.930039 40.68034)
299382241,01/13/2025,21:15:00,MANHATTAN,OUTSIDE,30,0,STREET,(null),N,<18,M,BLACK,25-44,M,BLACK HISPANIC,997512,239558,40.824207,-73.95208,POINT (-73.95208 40.824207)
299453927,01/14/2025,21:20:00,BROOKLYN,OUTSIDE,73,0,COMMERCIAL,GROCERY/BODEGA,N,(null),(null),(null),25-44,M,BLACK,1009652,183399,40.670038,-73.908428,POINT (-73.908428 40.670038)
300771165,02/07/2025,16:55:00,BROOKLYN,OUTSIDE,70,0,STREET,(null),N,25-44,F,BLACK,25-44,M,BLACK,995904,177892,40.654952,-73.958,POINT (-73.958 40.654952)
298756518,01/01/2025,20:20:00,BROOKLYN,INSIDE,75,0,COMMERCIAL,BEAUTY/NAIL SALON,N,(null),(null),(null),25-44,M,BLACK,1016621,179609,40.659612,-73.883327,POINT (-73.883327 40.659612)
301178228,02/15/2025,17:00:00,QUEENS,INSIDE,107,0,DWELLING,PVT HOUSE,Y,<18,M,BLACK,<18,F,BLACK,1048369,201076,40.718362,-73.768693,POINT (-73.768693 40.718362)
303036414,03/17/2025,20:35:00,BRONX,OUTSIDE,46,0,STREET,(null),N,(null),(null),(null),18-24,M,WHITE HISPANIC,1008291,247744,40.846651,-73.913105,POINT (-73.913105 40.846651)
303898920,03/30/2025,22:50:00,BROOKLYN,INSIDE,75,0,DWELLING,MULTI DWELL - APT BUILD,Y,(null),(null),(null),45-64,M,BLACK,1017036,183890,0,0,POINT (0 0)
301256131,02/17/2025,22:54:00,QUEENS,OUTSIDE,114,2,HOUSING,MULTI DWELL - PUBLIC HOUS,N,(null),(null),(null),<18,M,BLACK,1002126,215903,40.759272,-73.935472,POINT (-73.935472 40.759272)
302818234,03/14/2025,16:24:00,MANHATTAN,OUTSIDE,32,0,STREET,(null),N,18-24,M,BLACK,<18,M,BLACK,1001420,241474,40.829459,-73.937956,POINT (-73.937956 40.829459)
298756515,01/01/2025,13:00:00,BRONX,INSIDE,52,0,DWELLING,MULTI DWELL - APT BUILD,N,45-64,M,WHITE HISPANIC,18-24,M,WHITE HISPANIC,1013194,254357,40.864789,-73.895355,POINT (-73.895355 40.864789)
300450100,02/02/2025,22:30:00,QUEENS,OUTSIDE,102,0,STREET,(null),N,(null),(null),(null),25-44,M,ASIAN / PACIFIC ISLANDER,1022122,187487,40.681213,-73.863454,POINT (-73.863454 40.681213)
300361353,01/31/2025,20:17:00,MANHATTAN,OUTSIDE,32,2,HOUSING,MULTI DWELL - PUBLIC HOUS,N,(null),(null),(null),18-24,M,BLACK,999066,234936,40.811508378706534,-73.9464772808833,POINT (-73.9464772808833 40.811508378706534)
303772632,03/27/2025,21:09:00,BRONX,OUTSIDE,40,0,STREET,(null),N,(null),(null),(null),18-24,M,BLACK,1005028,234516,0,0,POINT (0 0)
303630518,03/25/2025,18:00:00,BROOKLYN,OUTSIDE,67,0,STREET,(null),N,(null),(null),(null),18-24,M,BLACK,1004444,180520,40.662148,-73.927212,POINT (-73.927212 40.662148)
299257996,01/10/2025,17:42:00,BROOKLYN,OUTSIDE,69,0,STREET,(null),N,<18,M,BLACK,45-64,F,BLACK,1008301,171275,40.636763,-73.913343,POINT (-73.913343 40.636763)
301256132,02/17/2025,18:20:00,BRONX,OUTSIDE,48,0,STREET,(null),Y,45-64,M,BLACK,45-64,M,WHITE HISPANIC,1016327,250445,40.854039,-73.884046,POINT (-73.884046 40.854039)
303806896,03/28/2025,05:30:00,BRONX,OUTSIDE,43,0,DWELLING,MULTI DWELL - APT BUILD,N,45-64,F,BLACK,25-44,M,BLACK HISPANIC,1024906,238243,40.820514,-73.85311,POINT (-73.85311 40.820514)
302113753,03/05/2025,12:35:00,BRONX,OUTSIDE,42,0,STREET,(null),N,<18,M,WHITE HISPANIC,25-44,M,BLACK,1010199,239299,40.823467,-73.906241,POINT (-73.906241 40.823467)
303829751,03/29/2025,07:13:00,BROOKLYN,OUTSIDE,75,0,STREET,(null),N,(null),(null),(null),25-44,M,UNKNOWN,1012956,183568,40.67048191,-73.89651898,POINT (-73.89651898 40.67048191)
303772633,03/27/2025,11:15:00,MANHATTAN,OUTSIDE,25,0,STREET,(null),N,18-24,M,BLACK,25-44,M,WHITE,1000482,230365,40.79897,-73.941374,POINT (-73.941374 40.79897)
303241624,03/19/2025,20:19:00,BRONX,OUTSIDE,43,2,HOUSING,MULTI DWELL - PUBLIC HOUS,N,(null),(null),(null),25-44,M,BLACK,1017969,243672,40.835443,-73.878147,POINT (-73.878147 40.835443)
303036413,03/17/2025,05:16:00,QUEENS,OUTSIDE,111,0,STREET,(null),N,(null),(null),(null),45-64,M,BLACK,1052374,210962,40.745465,-73.754146,POINT (-73.754146 40.745465)
300131384,01/27/2025,12:20:00,BROOKLYN,OUTSIDE,67,0,DWELLING,MULTI DWELL - APT BUILD,N,(null),(null),(null),65+,M,BLACK,996949,176623,40.651466,-73.954236,POINT (-73.954236 40.651466)
298949942,01/03/2025,17:30:00,BRONX,OUTSIDE,44,0,STREET,(null),Y,25-44,M,BLACK HISPANIC,<18,M,BLACK,1007076,246675,40.843722,-73.917502,POINT (-73.917502 40.843722)
301565780,02/23/2025,19:50:00,BRONX,OUTSIDE,49,0,STREET,(null),N,(null),(null),(null),25-44,M,BLACK,1020860,251009,40.855571,-73.86766,POINT (-73.86766 40.855571)
300364619,01/31/2025,22:47:00,BROOKLYN,OUTSIDE,62,0,STREET,(null),N,25-44,M,WHITE HISPANIC,25-44,M,WHITE HISPANIC,988703,161596,40.61021890858165,-73.98396206718412,POINT (-73.98396206718412 40.61021890858165)
301178229,02/16/2025,03:11:00,BROOKLYN,INSIDE,88,0,COMMERCIAL,BAR/NIGHT CLUB,Y,25-44,M,BLACK,25-44,M,WHITE HISPANIC,993966,187469,40.68124,-73.964968,POINT (-73.964968 40.68124)
303478971,03/22/2025,22:55:00,STATEN ISLAND,OUTSIDE,121,0,STREET,(null),N,(null),(null),(null),25-44,M,BLACK,939190,171509,40.637325,-74.162356,POINT (-74.162356 40.637325)
300197278,01/28/2025,14:54:00,QUEENS,OUTSIDE,113,0,STREET,(null),N,18-24,M,BLACK,<18,M,BLACK,1042611,185938,40.676851,-73.789598,POINT (-73.789598 40.676851)
303898920,03/30/2025,22:50:00,BROOKLYN,INSIDE,75,0,DWELLING,MULTI DWELL - APT BUILD,N,(null),(null),(null),65+,M,BLACK,1017036,183890,0,0,POINT (0 0)
301529588,02/22/2025,18:14:00,BRONX,OUTSIDE,47,2,HOUSING,MULTI DWELL - PUBLIC HOUS,N,(null),(null),(null),25-44,M,BLACK,1026368,262340,40.886646,-73.847675,POINT (-73.847675 40.886646)
